id,name,position,total_points
3054850,Alvin Kamara,RB,336.3
3051392,Ezekiel Elliott,RB,197.7
13982,Julio Jones,WR,120.6
-16033,Ravens D/ST,D/ST,145.0
3121023,Dallas Goedert,TE,93.4
4052042,James Robinson,RB,225.9
3128390,Allen Lazard,WR,81.3
3139477,Patrick Mahomes,QB,374.4
2468609,Taysom Hill,QB,152.62
2972460,Breshad Perriman,WR,84.1
3915823,Keke Coutee,WR,70.5
12731,Ryan Succop,K,142.0
3134353,Tim Patrick,WR,135.7
2969962,Duke Johnson,RB,70.4
3115378,Russell Gage,WR,145.06
3916433,Jakobi Meyers,WR,113.02
4242214,Clyde Edwards-Helaire,RB,158.0
3116165,Chris Godwin,WR,158.5
3919596,Chris Carson,RB,169.3
2577327,Tyler Lockett,WR,215.4
3924365,Hayden Hurst,TE,121.1
3128720,Nick Chubb,RB,199.7
15818,Keenan Allen,WR,195.1
-16011,Colts D/ST,D/ST,157.0
3049899,Younghoe Koo,K,166.0
2576716,Jamison Crowder,WR,142.52
2975674,Robert Tonyan,TE,150.6
-16027,Buccaneers D/ST,D/ST,127.0
-16025,49ers D/ST,D/ST,101.0
2580,Drew Brees,QB,209.48
4035403,Denzel Mims,WR,49.2
12483,Matthew Stafford,QB,260.56
14881,Russell Wilson,QB,359.78
16737,Mike Evans,WR,213.6
3120348,JuJu Smith-Schuster,WR,185.6
-16002,Bills D/ST,D/ST,117.0
16731,Brandin Cooks,WR,191.5
3059915,Kareem Hunt,RB,199.5
3045147,James Conner,RB,147.1
3121427,Curtis Samuel,WR,173.6
13934,Antonio Brown,WR,94.6
16732,Eric Ebron,TE,113.8
-16005,Browns D/ST,D/ST,100.0
4240380,KJ Hamler,WR,75.1
4035676,Zack Moss,RB,94.6
9354,Robbie Gould,K,102.0
3052117,Phillip Lindsay,RB,62.5
3117251,Christian McCaffrey,RB,81.9
3916387,Lamar Jackson,QB,332.78
15795,DeAndre Hopkins,WR,230.3
2974858,Kenny Golladay,WR,55.8
3115394,DJ Chark Jr.,WR,127.1
13229,Rob Gronkowski,TE,126.8
3912550,Ronald Jones II,RB,172.3
15683,Justin Tucker,K,142.0
3045127,Wayne Gallman,RB,126.1
2971618,Nelson Agholor,WR,161.6
3122976,Jeff Wilson Jr.,RB,135.8
4243315,Salvon Ahmed,RB,63.5
4259979,Lynn Bowden Jr.,RB,39.58
-16022,Cardinals D/ST,D/ST,111.0
3128721,Sony Michel,RB,71.8
4241475,Henry Ruggs III,WR,71.1
2976316,Michael Thomas,WR,63.9
4045163,Miles Sanders,RB,156.4
2576925,Darren Waller,TE,225.1
3122840,Deshaun Watson,QB,369.32
2576414,Raheem Mostert,RB,91.7
2574808,Robby Anderson,WR,176.6
3025433,Mike Davis,RB,177.0
4360438,Brandon Aiyuk,WR,154.5
12460,Graham Gano,K,132.0
3910544,Joshua Kelley,RB,69.7
-16015,Dolphins D/ST,D/ST,127.0
2979843,Kenyan Drake,RB,179.7
3925347,Damien Harris,RB,88.8
4036348,Michael Gallup,WR,143.8
4242335,Jonathan Taylor,RB,234.8
16800,Davante Adams,WR,300.9
8439,Aaron Rodgers,QB,382.76
3915416,DJ Moore,WR,178.5
3917315,Kyler Murray,QB,378.74
2508176,David Johnson,RB,163.0
4241389,CeeDee Lamb,WR,180.7
3042778,Corey Davis,WR,158.9
3051909,Daniel Carlson,K,153.0
-16026,Seahawks D/ST,D/ST,95.0
16813,Logan Thomas,TE,140.62
15825,Le'Veon Bell,RB,66.6
4039359,Darrell Henderson Jr.,RB,122.3
3886818,Myles Gaskin,RB,143.7
-16020,Jets D/ST,D/ST,58.0
3116593,Dalvin Cook,RB,315.8
2576434,Melvin Gordon III,RB,182.4
16460,Adam Thielen,WR,217.0
2330,Tom Brady,QB,337.92
10636,Mason Crosby,K,120.0
3126486,Deebo Samuel,WR,64.2
12649,Julian Edelman,WR,45.72
12537,Jared Cook,TE,108.9
3052876,Will Fuller V,WR,162.4
-16003,Bears D/ST,D/ST,100.0
3046779,Jared Goff,QB,239.98
4239993,Tee Higgins,WR,161.1
3054212,Jonnu Smith,TE,119.7
4040655,Darnell Mooney,WR,121.6
4035004,Mecole Hardman,WR,107.6
-16014,Rams D/ST,D/ST,174.0
4047365,Josh Jacobs,RB,214.8
3040151,George Kittle,TE,101.1
4047650,DK Metcalf,WR,229.8
3116406,Tyreek Hill,WR,285.4
3055899,Harrison Butker,K,132.0
2976212,Stefon Diggs,WR,265.1
16804,John Brown,WR,80.3
4036133,T.J. Hockenson,TE,141.8
3916430,Nyheim Hines,RB,161.7
11674,Danny Amendola,WR,83.4
2572861,J.D. McKissic,RB,151.4
15826,Giovani Bernard,RB,134.6
3122899,Richie James,WR,52.9
3115306,Josh Reynolds,WR,98.3
14880,Kirk Cousins,QB,306.2
-16012,Chiefs D/ST,D/ST,107.0
2977187,Cooper Kupp,WR,162.7
3115364,Leonard Fournette,RB,114.0
3045144,Tyler Boyd,WR,153.14
2976592,Sterling Shepard,WR,129.5
4259545,D'Andre Swift,RB,166.8
3046439,Hunter Henry,TE,115.3
15072,Marvin Jones Jr.,WR,189.8
3071572,Keelan Cole Sr.,WR,127.9
15349,Cole Beasley,WR,166.5
3917232,Tyler Bass,K,151.0
-16028,Washington D/ST,D/ST,146.0
3119195,Chase Edmonds,RB,141.5
4262921,Justin Jefferson,WR,230.2
4040715,Jalen Hurts,QB,108.94
3116164,Mike Gesicki,TE,132.8
15880,Robert Woods,WR,200.1
3042519,Aaron Jones,RB,235.4
3068267,Austin Ekeler,RB,138.3
14924,T.Y. Hilton,WR,136.2
16790,Jarvis Landry,WR,151.96
4241372,Marquise Brown,WR,154.0
3116365,Mark Andrews,TE,141.1
4040761,Devin Singletary,RB,124.6
3918298,Josh Allen,QB,395.56
2573401,Tyler Higbee,TE,106.2
4038941,Justin Herbert,QB,332.84
3116136,Justin Jackson,RB,55.8
3045138,Mike Williams,WR,129.7
10452,Adrian Peterson,RB,118.5
-16034,Texans D/ST,D/ST,28.0
2473037,Jason Myers,K,138.0
3043078,Derrick Henry,RB,323.6
2576623,DeVante Parker,WR,134.8
4035538,David Montgomery,RB,237.8
15920,Latavius Murray,RB,124.7
-16023,Steelers D/ST,D/ST,164.0
4047646,A.J. Brown,WR,212.5
15847,Travis Kelce,TE,260.26
4360294,Antonio Gibson,RB,184.2
14876,Ryan Tannehill,QB,343.86
3932905,Diontae Johnson,WR,177.8
16799,Allen Robinson II,WR,211.9
4241985,J.K. Dobbins,RB,159.5
3124679,Jason Sanders,K,169.0
4035687,Michael Pittman Jr.,WR,78.9
3916148,Tony Pollard,RB,106.7
-16021,Eagles D/ST,D/ST,102.0
2977644,Todd Gurley II,RB,150.7
2976499,Amari Cooper,WR,190.8
3116385,Joe Mixon,RB,89.1
4048244,Alexander Mattison,RB,80.4
3925357,Calvin Ridley,WR,236.5
3051876,Evan Engram,TE,109.5
4046692,Chase Claypool,WR,183.9
2980453,Jamaal Williams,RB,111.6
13295,Emmanuel Sanders,WR,134.3
-16018,Saints D/ST,D/ST,137.0
2570986,Malcolm Brown,RB,97.6
5536,Ben Roethlisberger,QB,267.22
8479,Frank Gore,RB,92.2
3915165,Rodrigo Blankenship,K,145.0
4035072,Benny Snell Jr.,RB,69.9
3042910,Rashard Higgins,WR,102.4
3121422,Terry McLaurin,WR,180.3
4036131,Noah Fant,TE,118.3
2985659,Wil Lutz,K,130.0
11237,Matt Ryan,QB,282.44
4240021,Cam Akers,RB,96.3
11122,Matt Prater,K,110.0
-16017,Patriots D/ST,D/ST,112.0
15835,Zach Ertz,TE,59.5
3043275,Austin Hooper,TE,90.5
4241463,Jerry Jeudy,WR,131.6
13994,Cam Newton,QB,259.98
13983,A.J. Green,WR,87.8
3916945,Darius Slayton,WR,116.0
3895856,Christian Kirk,WR,122.4
16913,James White,RB,92.1
16757,Derek Carr,QB,272.12
14993,Greg Zuerlein,K,146.0
2573079,Carson Wentz,QB,198.4
-16009,Packers D/ST,D/ST,112.0
17372,Chris Boswell,K,99.0
16782,Jerick McKinnon,RB,109.7
-16016,Vikings D/ST,D/ST,47.0
13232,Jimmy Graham,TE,118.6
3052587,Baker Mayfield,QB,248.12
16733,Odell Beckham Jr.,WR,75.32
13981,Mark Ingram II,RB,49.9
16725,Sammy Watkins,WR,68.9
9704,Stephen Gostkowski,K,111.0
3139522,Travis Fulgham,WR,96.9
3916925,Kerryon Johnson,RB,62.3
3929630,Saquon Barkley,RB,12.4
-16024,Chargers D/ST,D/ST,87.0
3124084,Joey Slye,K,122.0
3122866,Devontae Booker,RB,77.2
-16007,Broncos D/ST,D/ST,75.0
3128429,Courtland Sutton,WR,8.1
4241479,Tua Tagovailoa,QB,135.46
3043234,Zane Gonzalez,K,92.0
3117256,Dalton Schultz,TE,115.0
13217,Golden Tate,WR,69.02
3051926,Gus Edwards,RB,123.7
3039707,Mitchell Trubisky,QB,153.7
-16006,Cowboys D/ST,D/ST,67.0
3128774,Kalen Ballage,RB,79.4
16339,Brandon McManus,K,130.0
3049916,Matt Breida,RB,37.5
3915511,Joe Burrow,QB,173.72
16728,Teddy Bridgewater,QB,241.22
2577417,Dak Prescott,QB,135.14
3051439,Boston Scott,RB,83.1
3915399,Preston Williams,WR,65.8
5529,Philip Rivers,QB,239.96
3066158,Tarik Cohen,RB,14.5
3060022,Jordan Howard,RB,30.2
3917792,Daniel Jones,QB,180.02
3050478,Jake Elliott,K,70.0
-16010,Titans D/ST,D/ST,55.0
-16019,Giants D/ST,D/ST,110.0
2983509,Dare Ogunbowale,RB,24.9
2979477,Tevin Coleman,RB,10.7
4241802,Jalen Reagor,WR,71.7
3123052,Michael Badgley,K,111.0
3915411,Ty Johnson,RB,55.3
16944,Devonta Freeman,RB,32.5
16777,Carlos Hyde,RB,76.9
-16029,Panthers D/ST,D/ST,97.0
4243160,Laviska Shenault Jr.,WR,128.1
2971573,Ka'imi Fairbairn,K,128.0
14054,Kyle Rudolph,TE,51.4
4040980,Irv Smith Jr.,TE,83.5
17427,Cairo Santos,K,137.0
5528,Larry Fitzgerald,WR,73.9
4047839,N'Keal Harry,WR,57.4
11283,DeSean Jackson,WR,37.8
15091,Randy Bullock,K,95.0
3051902,Peyton Barber,RB,53.0
-16013,Raiders D/ST,D/ST,28.0
3050487,Anthony Miller,WR,84.2
15971,Rex Burkhead,RB,95.1
3135321,Hunter Renfrow,WR,103.6
3051738,Marquez Valdes-Scantling,WR,120.8
4038524,Gardner Minshew II,QB,160.16
2577134,Ty Montgomery,RB,14.3
4258595,Cole Kmet,TE,48.0
15860,Jordan Reed,TE,60.1
14053,Randall Cobb,WR,81.1
8664,Ryan Fitzpatrick,QB,153.24
3924327,Drew Lock,QB,181.32
16760,Jimmy Garoppolo,QB,64.34
4249087,Matt Gay,K,64.0
3139605,Marlon Mack,RB,7.1
3123050,Chris Herndon,TE,58.2
3051891,Jordan Wilkins,RB,55.3
3125403,Brian Hill,RB,82.9
10475,Greg Olsen,TE,41.9
16974,Trey Burton,TE,69.3
4239934,AJ Dillon,RB,39.3
4034952,La'Mical Perine,RB,47.0
14012,Andy Dalton,QB,136.36
3121410,Parris Campbell,WR,11.7
4243537,Gabriel Davis,WR,119.4
15807,Cordarrelle Patterson,RB,58.9
3128452,Jordan Akins,TE,65.2
3821683,Austin Seibert,K,24.0
16504,Jack Doyle,TE,52.6
2577654,DeAndre Washington,RB,14.6
3128451,Tre'Quan Smith,WR,86.1
3928925,JaMycal Hasty,RB,27.6
3040035,Greg Ward,WR,106.6
3115375,Darrel Williams,RB,45.5
3917612,Ke'Shawn Vaughn,RB,20.8
8416,Alex Smith,QB,71.58
14912,Alshon Jeffery,WR,20.5
4240631,DeeJay Dallas,RB,48.4
3914397,Scotty Miller,WR,86.0
15966,Chris Thompson,RB,32.6
14877,Nick Foles,QB,104.18
14322,Dan Bailey,K,83.0
17082,Cody Parkey,K,107.0
3123969,Ito Smith,RB,48.8
-16004,Bengals D/ST,D/ST,40.0
13215,Dez Bryant,WR,19.7
3066074,Chad Hansen,WR,38.1
3116074,Rodney Smith,RB,32.0
-16008,Lions D/ST,D/ST,16.0
3918639,Gerald Everett,TE,72.4
3932430,Jalen Guyton,WR,83.1
3843750,Derrius Guice,RB,0.0
8461,Mike Nugent,K,29.0
3122449,James Washington,WR,84.2
15788,Tyler Eifert,TE,64.9
15705,Josh Gordon,WR,0.0
17359,Damien Williams,RB,0.0
3894912,Tyron Johnson,WR,69.5
2978109,Zach Pascal,WR,114.9
16786,Richard Rodgers,TE,58.5
4040774,Harrison Bryant,TE,49.8
3139925,Rashaad Penny,RB,3.4
3923397,Ryquell Armstead,RB,0.0
12514,LeSean McCoy,RB,20.7
2577641,Jakeem Grant,WR,69.3
4212909,David Moore,WR,101.3
3043116,Demarcus Robinson,WR,85.1
3049698,Anthony Firkser,TE,64.2
-16001,Falcons D/ST,D/ST,59.0
15965,Dustin Hopkins,K,121.0
4036431,Darrynton Evans,RB,15.1
3045523,Kendrick Bourne,WR,105.2
2576980,Marcus Mariota,QB,25.84
3127292,Will Dissly,TE,49.1
3059989,Nick Mullens,QB,116.28
2972091,Jalen Richard,RB,41.6
3699935,Devine Ozigbo,RB,8.8
2969939,Jameis Winston,QB,2.4
3912547,Sam Darnold,QB,134.02
3917960,Steven Sims Jr.,WR,43.8
14198,Dion Lewis,RB,47.7
2998565,Mo Alie-Cox,TE,64.9
10621,Nick Folk,K,121.0
4241941,Anthony McFarland Jr.,RB,19.7
2577667,Damiere Byrd,WR,91.4
3122672,Royce Freeman,RB,31.1
3116389,Samaje Perine,RB,60.2
3930086,Dawson Knox,TE,54.8
2991767,Blake Jarwin,TE,1.7
15773,Darren Fells,TE,65.7
2576491,Adam Humphries,WR,46.3
3116172,Trace McSorley,QB,9.3
3043080,O.J. Howard,TE,32.1
17258,Willie Snead IV,WR,77.7
15837,Mike Glennon,QB,60.58
2578369,Marvin Hall,WR,51.3
3139033,Mike Boone,RB,13.9
3127310,Drew Sample,TE,58.9
4038994,Sam Sloman,K,52.0
4212989,Dan Arnold,TE,81.3
3932449,Dexter Williams,RB,0.8
3912092,Donald Parham Jr.,TE,38.9
4040616,Dwayne Haskins Jr.,QB,68.16
4038818,Bryan Edwards,WR,30.8
11291,Chad Henne,QB,23.72
3930066,Van Jefferson,WR,37.4
17453,Cameron Brate,TE,54.2
2998120,Josh Lambo,K,28.0
3892889,Dede Westbrook,WR,-1.1
3123076,David Njoku,TE,42.8
4039050,Devin Duvernay,WR,43.1
3931398,Bryce Love,RB,0.0
3116721,Jaylen Samuels,RB,11.9
2574511,Brandon Allen,QB,49.7
14922,Mohamed Sanu Sr.,WR,35.5
3115314,Cam Sims,WR,70.2
2578533,Chris Conley,WR,77.1
3150744,Chase McLaughlin,K,19.0
3048898,Elliott Fry,K,4.0
4045305,Ian Thomas,TE,30.5
3139602,D'Ernest Johnson,RB,19.5
2979520,C.J. Beathard,QB,52.28
3123075,Braxton Berrios,WR,78.8
-16030,Jaguars D/ST,D/ST,32.0
4258195,Donovan Peoples-Jones,WR,51.4
3932423,Miles Boykin,WR,60.1
3914328,Andy Isabella,WR,44.3
3052177,John Ross III,WR,2.7
10456,Marshawn Lynch,RB,0.0
16002,Kyle Juszczyk,RB,72.1
16016,Kenny Stills,WR,25.9
3127211,Patrick Laird,RB,17.0
2573974,Tyler Ervin,RB,20.6
14001,Colin Kaepernick,QB,0.0
11252,Joe Flacco,QB,54.76
4029893,Antonio Gandy-Golden,WR,3.0
4037457,Travis Homer,RB,28.3
3127586,Jeremy McNichols,RB,37.9
14163,Tyrod Taylor,QB,9.02
3917962,Jace Sternberger,TE,23.4
13199,Colt McCoy,QB,18.2
3040569,Trent Taylor,WR,13.6
3116407,Mason Rudolph,QB,18.36
4038441,Justice Hill,RB,10.5
4039043,Collin Johnson,WR,50.2
4036416,Byron Pringle,WR,34.5
3045260,Corey Clement,RB,18.5
4036378,Jordan Love,QB,0.0
4035170,Marquez Callaway,WR,31.8
4361606,Darwin Thompson,RB,29.7
3115293,Kyle Allen,QB,45.0
3124900,Jake Luton,QB,28.26
4411193,Deonte Harris,WR,37.7
2587819,Tyrell Williams,WR,0.0
14875,Robert Griffin III,QB,2.58
4035222,Trayveon Williams,RB,19.2
3895785,Ben DiNucci,QB,6.96
2310331,Tyler Johnson,WR,34.9
3125404,Jacob Hollister,TE,53.4
4035793,Quintez Cephus,WR,56.9
14816,Kai Forbath,K,9.0
3892775,Jarrett Stidham,QB,12.94
3124092,John Wolford,QB,12.84
14874,Andrew Luck,QB,0.0
2576336,Ameer Abdullah,RB,26.0
12471,Chase Daniel,QB,12.16
3120303,Ross Dwelley,TE,40.0
14886,Lamar Miller,RB,1.6
2582410,Tyler Kroft,TE,35.9
15853,Vance McDonald,TE,17.4
15009,Alfred Morris,RB,39.2
3127335,Ryan Nall,RB,16.7
2582139,Sam Ficken,K,52.0
3911853,Adam Trautman,TE,30.6
10453,Ted Ginn Jr.,WR,5.5
11923,Stephen Hauschka,K,0.0
4527,Jason Witten,TE,25.4
3917914,Olamide Zaccheaus,WR,43.4
5526,Eli Manning,QB,0.0
4242873,Eno Benjamin,RB,0.0
2574576,C.J. Uzomah,TE,18.7
3700815,Kendall Hinton,QB,-2.78
2579604,Phillip Dorsett II,WR,0.0
2977609,Devin Funchess,WR,0.0
3931397,J.J. Arcega-Whiteside,WR,18.5
4046522,Devin Asiasi,TE,10.9
2973405,Kalif Raymond,WR,22.9
4424106,Gunner Olszewski,WR,23.0
4036335,Cedrick Wilson,WR,43.12
5362,Antonio Gates,TE,0.0
1097,Adam Vinatieri,K,0.0
2975417,Patrick Ricard,DT,12.9
14402,Chris Hogan,WR,18.8
11307,Jamaal Charles,RB,0.0
2578570,Jacoby Brissett,QB,20.58
2574591,Nick Boyle,TE,30.3
4035115,Albert Okwuegbunam,TE,23.6
3045225,Jake Butt,TE,1.5
14269,Dontrelle Inman,WR,37.3
3061612,Jamal Agnew,WR,22.7
3051308,P.J. Walker,QB,8.52
3913295,Justin Rohrwasser,K,0.0
3057987,DaeSean Hamilton,WR,50.8
3124069,Isaiah Ford,WR,41.6
3728262,Ray-Ray McCloud,WR,22.2
16809,Garrett Gilbert,QB,14.52
3932420,Josh Adams,RB,33.6
3115328,Jalen Hurd,WR,0.0
15786,Tavon Austin,WR,2.5
3116642,Reggie Bonnafon,RB,15.7
3929118,Jeff Smith,WR,25.2
3932442,Equanimeous St. Brown,WR,21.9
4044121,Isaiah Wright,WR,32.8
2983319,Troymaine Pope,RB,15.8
3042876,Ryan Finley,QB,19.16
11270,Jordy Nelson,WR,0.0
4373673,John Hightower,WR,23.8
15948,Matt Barkley,QB,9.28
3921564,Auden Tate,WR,22.0
3126367,Bo Scarbrough,RB,3.1
3068939,Aldrick Rosas,K,36.0
4035003,Jacob Eason,QB,0.0
2971718,Marcus Johnson,WR,32.5
12482,Mark Sanchez,QB,0.0
3047968,Chad Beebe,WR,40.1
2972236,Nathan Peterman,QB,1.9
3123986,Mike Thomas,WR,23.8
15839,Marquise Goodwin,WR,0.0
4039607,J.J. Taylor,RB,11.9
3128444,Matthew Wright,K,21.0
3722362,Brett Rypien,QB,11.3
3052897,Durham Smythe,TE,45.8
2976516,T.J. Yeldon,RB,15.7
3917067,Bisi Johnson,WR,27.9
3046409,Alex Collins,RB,20.6
4261020,Trenton Cannon,RB,6.4
4012556,C.J. Ham,RB,21.5
3128724,Isaiah McKenzie,WR,84.58
2148,Sebastian Janikowski,K,0.0
9614,Marcedes Lewis,TE,33.7
2980148,C.J. Prosise,RB,10.2
3917668,Alec Ingold,RB,23.4
9705,Brandon Marshall,WR,0.0
4044452,Kaden Smith,TE,20.2
4050373,Quez Watkins,WR,20.1
4034949,Eddy Pineiro,K,0.0
13226,Andre Roberts,WR,1.1
2991662,Mack Hollins,WR,29.6
3051806,Ricky Seals-Jones,TE,0.0
3122920,Ryan Izzo,TE,24.4
4198676,Adam Shaheen,TE,39.0
3125116,D'Onta Foreman,RB,16.5
3127306,Dante Pettis,WR,13.6
4034950,Freddie Swain,WR,34.4
16121,Luke Willson,TE,1.7
13213,LeGarrette Blount,RB,0.0
15168,Case Keenum,QB,1.84
3047876,KhaDarel Hodge,WR,23.5
4035015,Riley Ridley,WR,5.9
4036189,Thaddeus Moss,TE,0.0
15864,Geno Smith,QB,1.12
3886377,Josh Rosen,QB,0.0
3915486,Tyler Conklin,TE,34.9
3915522,KJ Hill Jr.,WR,8.8
17480,Sergio Castillo,K,31.0
2508079,James O'Shaughnessy,TE,40.2
14221,Doug Baldwin,WR,0.0
15887,Ryan Griffin,TE,13.1
12477,Brian Hoyer,QB,2.0
4039436,Malcolm Perry,WR,20.2
2576450,Derek Watt,RB,0.0
3118892,Justin Watson,WR,12.9
4240861,Dalton Keene,TE,3.1
2979590,Jesse James,TE,31.9
3124537,KeeSean Johnson,WR,24.8
3059722,Zay Jones,WR,29.56
2514206,Blake Bell,TE,16.7
4035019,Javon Wims,WR,14.0
16143,Josh Hill,TE,14.6
2573300,Jay Ajayi,RB,0.0
14135,Anthony Sherman,RB,7.8
4248504,Isaiah Coulter,WR,0.0
4408988,Malik Taylor,WR,16.0
2980073,Jeremy Sprinkle,TE,1.1
4038815,Rico Dowdle,RB,2.4
4240689,Jake Fromm,QB,0.0
9761,Delanie Walker,TE,0.0
3121409,Noah Brown,WR,22.8
17051,Albert Wilson,WR,0.0
4036163,Kelvin Harmon,WR,0.0
2977800,Alex Erickson,WR,16.6
2511973,Eric Tomlinson,TE,0.0
2576399,Nick Vannett,TE,22.5
3115255,Brandon Powell,WR,23.6
2565969,Taylor Heinicke,QB,11.68
2974317,Andy Janovich,RB,2.7
3123944,Qadree Ollison,RB,0.3
3843945,Foster Moreau,TE,29.5
3048897,Pharoh Cooper,WR,9.8
4329472,Nick Keizer,TE,7.3
13987,Blaine Gabbert,QB,15.32
4037591,Joe Reed,WR,8.9
3917940,Hakeem Butler,WR,0.0
3126246,Dontrell Hilliard,RB,5.5
3045169,Tim Boyle,QB,-0.9
3916204,James Proche II,WR,1.9
4039057,Lil'Jordan Humphrey,WR,12.1
3135726,Jon Brown,K,3.0
3040206,Chris Streveler,QB,7.7
4040623,Austin Mack,WR,12.6
3917569,Ja'Marcus Bradley,WR,8.5
3126002,Christian Blake,WR,20.6
1440,Phil Dawson,K,0.0
3044720,Joshua Dobbs,QB,2.08
4333,Matt Bryant,K,0.0
16724,Blake Bortles,QB,0.0
3120588,Darrius Shepherd,WR,5.1
3115349,Jakob Johnson,RB,13.5
16730,Kelvin Benjamin,WR,0.0
4040790,Jason Huntley,RB,2.4
16886,Martavis Bryant,WR,0.0
4212884,Alex Armah,RB,5.2
2515270,Michael Burton,RB,6.6
2574630,Jeff Driskel,QB,30.08
2969896,Max McCaffrey,WR,0.0
8544,Darren Sproles,RB,0.0
3040470,Cethan Carter,RB,7.8
12563,Michael Crabtree,WR,0.0
3915097,Antonio Callaway,WR,3.0
3085107,Jake Kumerow,WR,8.7
17463,Diontae Spencer,WR,12.0
2982828,Tajae Sharpe,WR,0.0
3929645,Juwan Johnson,WR,5.9
3040137,Derrick Willies,WR,0.0
3921690,Josh Oliver,TE,0.0
5615,Matt Schaub,QB,-0.4
3059766,Deon Yelder,TE,7.1
17177,Allen Hurns,WR,0.0
16810,AJ McCarron,QB,0.8
3115913,Geronimo Allison,WR,0.0
13197,Sam Bradford,QB,0.0
13216,Demaryius Thomas,WR,0.0
4242540,Isaiah Hodgins,WR,0.0
2970726,Maxx Williams,TE,20.2
16318,Demetrius Harris,TE,8.0
17315,Keith Smith,RB,12.1
16486,Brett Maher,K,0.0
2575965,Elijhaa Penny,RB,4.5
3051889,Laquon Treadwell,WR,19.9
3843217,Chandler Cox,RB,1.9
3118954,Jaeden Graham,TE,4.0
3916566,K.J. Osborn,WR,0.0
3123074,Tyre Brady,WR,0.0
3139456,Cameron Batson,WR,24.0
3914151,Josiah Deguara,TE,1.7
11387,Matthew Slater,WR,0.0
3975763,Greg Joseph,K,0.0
4241940,Javon Leake,RB,0.0
4035611,Gabe Nabers,RB,17.7
3115365,Trey Quinn,WR,0.0
17437,Taylor Gabriel,WR,0.0
3916209,Xavier Jones,RB,0.0
2980460,Gehrig Dieter,WR,1.5
4038220,Cole McDonald,QB,0.0
2517017,Sean Mannion,QB,0.0
3051869,Quincy Adeboyejo,WR,0.0
16787,Marqise Lee,WR,0.0
3115252,Will Grier,QB,0.0
3052413,Matthew McCrane,K,0.0
4611153,Taylor Russolino,K,0.0
3930298,Noah Togiai,TE,0.0
3918003,Brycen Hopkins,TE,0.0
14885,Doug Martin,RB,0.0
3933327,Kahale Warring,TE,5.0
2580216,DeAndre Carter,WR,-0.7
3122716,Buddy Howell,RB,7.2
4036275,Sean McKeon,TE,0.0
3929924,Zach Gentry,TE,0.0
2973626,C.J. Board,WR,15.9
3002265,Dwayne Washington,RB,1.5
16791,Donte Moncrief,WR,2.4
2576854,Stephen Anderson,TE,14.6
15980,Levine Toilolo,TE,7.1
3917558,Brandon Wright,K,1.0
2508256,MyCole Pruitt,TE,25.4
14851,Terrelle Pryor Sr.,WR,0.0
4055171,Anthony Gordon,QB,0.0
15245,Giorgio Tavecchio,K,0.0
2978308,Jaydon Mickens,WR,9.3
9592,Vernon Davis,TE,0.0
3916564,Tyree Jackson,QB,0.0
3052166,Darrell Daniels,TE,19.2
4039505,Reggie Gilliam,RB,8.6
16976,Chandler Catanzaro,K,0.0
4243318,Hunter Bryant,TE,4.9
2531358,Chris Manhertz,TE,8.2
2577189,Brett Hundley,QB,0.0
17402,Seth Roberts,WR,5.1
3042749,Logan Woodside,QB,1.28
3042429,Wendell Smallwood,RB,0.0
14099,Luke Stocker,TE,9.8
15994,Theo Riddick,RB,8.2
15918,Caleb Sturgis,K,0.0
3122154,Khari Blasingame,RB,5.9
3127051,Devlin Hodges,QB,0.0
4294520,Brandon Zylstra,WR,5.1
14879,Brock Osweiler,QB,0.0
3916927,Will Hastings,WR,0.0
3915772,Jared Pinkney,TE,0.0
5557,Ben Watson,TE,0.0
3045264,Troy Fumagalli,TE,18.0
3119317,Nsimba Webster,WR,-2.0
4040732,Raymond Calais,RB,0.0
14215,Lee Smith,TE,17.5
4242557,Colby Parkinson,TE,2.6
8644,Matt Cassel,QB,0.0
3123857,Austin Walter,RB,3.5
3929785,Nick Westbrook-Ikhine,WR,4.8
2971830,JoJo Natson,WR,0.3
4034964,Tyrie Cleveland,WR,9.3
4036149,Nate Stanley,QB,0.0
3916721,LeVante Bellamy,RB,2.1
3122168,Trent Sherfield,WR,7.5
3052056,River Cracraft,WR,7.1
14167,Taiwan Jones,RB,0.0
15921,Kenjon Barner,RB,0.0
4042808,Artavis Pierce,RB,9.4
3886598,Jauan Jennings,WR,0.0
3929637,Dan Chisena,WR,0.0
17421,Senorise Perry,RB,0.9
17133,Isaiah Crowell,RB,0.0
3843603,Jazz Ferguson,WR,0.0
4042112,Adrian Killins Jr.,RB,-0.5
14085,Virgil Green,TE,12.5
4038533,Darius Anderson,RB,0.0
4046715,Trishton Jackson,WR,0.0
4329471,J.J. Jones,WR,0.0
3116384,Carson Meier,TE,0.0
3043225,Steven Mitchell Jr.,WR,8.5
3155188,Vyncint Smith,WR,1.8
4035006,Elijah Holyfield,RB,0.0
2974503,Reggie Begelton,WR,0.0
3120590,Easton Stick,QB,-0.04
15284,Bradley Sowell,TE,0.0
3046399,Marcus Kemp,WR,1.6
3115928,Malik Turner,WR,0.0
3116158,Jason Cabinda,RB,1.8
14083,Bruce Miller,RB,0.7
4035379,Jordan Thomas,TE,6.8
3917546,Penny Hart,WR,2.7
3046704,Geoff Swaim,TE,18.8
2974339,Austin Carr,WR,10.2
3087801,Nick Fitzgerald,QB,0.0
3053732,Jordan Chunn,RB,0.0
14332,Patrick DiMarco,RB,0.0
15653,Jamize Olawale,RB,0.0
14471,Nick Bellore,RB,1.9
2970090,Trey Edmunds,RB,0.0
15062,Travis Benjamin,WR,0.0
3054845,Robert Foster,WR,4.7
2519013,Daniel Brown,TE,4.1
4054085,Dezmon Patmon,WR,0.0
2576019,Josh Doctson,WR,0.0
3138760,Ventell Bryant,WR,0.0
3914395,James Morgan,QB,0.0
3116188,David Blough,QB,1.76
3129302,DeShone Kizer,QB,0.0
16040,C.J. Anderson,RB,0.0
13272,Ed Dickson,TE,0.0
3122799,Jonathan Hilliman,RB,0.0
14878,Brandon Weeden,QB,0.0
3042494,Elijah McGuire,RB,0.0
2576581,Chris Moore,WR,0.0
16781,Paul Richardson Jr.,WR,0.0
2978124,D.J. Foster,RB,1.4
3933064,John Ursua,WR,0.0
2972331,Mason Schreck,TE,0.0
3728254,Deon Cain,WR,0.0
4061956,Ashton Dulin,WR,7.9
14129,Bilal Powell,RB,0.0
4240626,Jeff Thomas,WR,0.0
16945,De'Anthony Thomas,WR,0.0
3052143,Khalfani Muhammad,RB,0.0
3915174,Terry Godwin,WR,5.0
2576395,Devin Smith,WR,0.0
16795,Austin Seferian-Jenkins,TE,0.0
2972515,Cooper Rush,QB,0.0
3116132,Garrett Dickerson,TE,0.0
16140,Ryan Griffin,QB,0.0
13587,Chris Ivory,RB,0.0
2580330,Temarrick Hemingway,TE,1.5
3791110,Tommy Stevens,TE,2.4
3931391,Trenton Irwin,WR,1.0
2979501,Nate Sudfeld,QB,-1.52
11394,Josh Johnson,QB,0.0
3914534,Jeremy Cox,RB,0.0
3115330,Josh Malone,WR,4.8
3609,Josh McCown,QB,0.0
2971281,Pharaoh Brown,TE,35.3
16899,Quincy Enunwa,WR,0.0
3039725,Ryan Switzer,WR,0.0
3933568,Davion Davis,WR,0.0
2978929,Corey Coleman,WR,0.0
3122143,Cullen Gillaspia,RB,1.1
13940,James Develin,RB,0.0
14193,Jacquizz Rodgers,RB,0.0
3039723,T.J. Logan,RB,0.0
3046401,Keith Kirkwood,WR,1.8
2576179,Matt LaCosse,TE,0.0
16020,Spencer Ware,RB,0.0
2977665,Chad Kelly,QB,0.0
14028,Stevan Ridley,RB,0.0
11439,Pierre Garcon,WR,0.0
14145,Charles Clay,TE,0.0
3917846,Mark Walton,RB,0.0
4374496,DeMichael Harris,WR,17.5
3915145,Kirk Merritt,WR,0.0
4039253,Trevon Wesco,TE,1.0
2980077,Jonathan Williams,RB,2.6
2515962,DeAndrew White,WR,0.0
2971888,Kenneth Dixon,RB,0.0
3915381,John Kelly,RB,0.0
3042435,Kevin White,WR,0.0
3886636,Alex Barnes,RB,0.0
3059760,Taywan Taylor,WR,0.0
4039274,Jonathan Ward,RB,7.6
4035020,Charlie Woerner,TE,5.1
8627,Derek Anderson,QB,0.0
3126263,Charles Jones,TE,0.0
4362878,Scottie Phillips,RB,2.1
16921,Alfred Blue,RB,0.0
16366,Zach Line,RB,0.0
3125107,Andrew Beck,TE,0.0
15478,Brandon Bolden,RB,0.0
17348,Xavier Grimble,TE,0.0
2575408,Rob Kelley,RB,0.0
2521161,Zach Zenner,RB,0.0
3915230,C.J. Conrad,TE,0.0
2512197,Rod Smith,RB,0.0
4035671,Tyler Huntley,QB,2.9
17223,Roosevelt Nix,RB,0.0
3118906,John Lovett,RB,0.6
15973,Tommy Bohanon,RB,0.0
2980378,Cody Core,WR,0.0
14902,Orson Charles,TE,0.0
3932935,Deontay Burnett,WR,3.4
3050481,Tanner Hudson,TE,5.6
16995,Bennie Fowler,WR,2.1
3895857,Damion Ratley,WR,8.3
3122818,Tommy Sweeney,TE,0.0
2978244,Ricky Ortiz,RB,0.0
2515759,J.J. Nelson,WR,0.0
2582424,Jake Rudock,QB,0.0
11128,Matt Moore,QB,0.0
2577253,Javorius Allen,RB,0.0
3915115,Jordan Scarlett,RB,0.0
17284,Charcandrick West,RB,0.0
3705353,Rodney Anderson,RB,0.0
3052096,Johnny Mundt,TE,7.3
3046705,Tyrone Swoopes,TE,0.0
14894,Robert Turbin,RB,0.0
4420894,Christian Wade,RB,0.0
2980197,Darius Jackson,RB,0.0
16172,Jaron Brown,WR,0.0
16969,Kapri Bibbs,RB,0.0
4035426,Stephen Sullivan,TE,0.0
4048717,Rico Gafford,WR,0.0
4069806,Jason Moore,WR,0.0
3948283,Stephen Carlson,TE,1.6
4035014,Isaac Nauta,RB,0.8
4239083,Mike Warren,RB,0.0
3916071,Gary Jennings,WR,0.0
2974365,Danny Vitale,RB,0.0
2977881,Paxton Lynch,QB,0.0
11247,Jonathan Stewart,RB,0.0
3917166,Omar Bayless,WR,0.0
3115315,Duke Williams,WR,0.0
4049301,Anthony Johnson,WR,0.0
3914240,Tyler Davis,TE,0.0
15403,Derek Carrier,TE,1.9
2577245,Tre Madden,RB,0.0
16803,Jeremy Hill,RB,0.0
3052061,Luke Falk,QB,0.0
3924318,Emanuel Hall,WR,0.0
12601,Mike Wallace,WR,0.0
3066052,Chad Williams,WR,0.0
3051381,Mike White,QB,0.0
15003,Rhett Ellison,TE,0.0
3052449,Dalyn Dawkins,RB,0.0
3120659,Daurice Fountain,WR,3.3
3052450,Danny Etling,QB,0.0
2511109,Trevor Siemian,QB,0.0
2574918,Tommylee Lewis,WR,2.4
3039794,James Looney,TE,0.0
16055,Benny Cunningham,RB,0.0
3043097,Cameron Artis-Payne,RB,0.0
14032,Torrey Smith,WR,0.0
3886841,Tony Brooks-James,RB,0.4
4038539,Sewo Olonilua,RB,0.0
16252,Tyler Bray,QB,0.72
3116144,Clayton Thorson,QB,0.0
3932936,Caleb Wilson,TE,0.0
3917812,Nathan Cottrell,RB,0.0
16793,Cody Latimer,WR,0.0
2514123,Marcus Murphy,RB,0.0
4421446,Craig Reynolds,RB,1.2
3915575,Kelvin McKnight,WR,0.0
3048924,David Williams,RB,0.0
16880,TJ Jones,WR,0.0
14901,Dwayne Allen,TE,0.0
13228,Jermaine Gresham,TE,0.0
15351,Derrick Coleman,RB,0.0
2981212,Shane Smith,RB,0.0
2970262,J.P. Holtz,TE,0.0
15952,Mike Gillislee,RB,0.0
10487,Drew Stanton,QB,0.0
2968204,Cole Hikutini,TE,0.0
12576,Brandon LaFell,WR,0.0
2971589,Paul Perkins,RB,0.0
3128843,Alex McGough,QB,0.0
2980120,Colin Thompson,TE,7.2
16994,David Fluellen,RB,0.0
3046320,Marcell Ateman,WR,0.0
2515416,Jeremy Langford,RB,0.0
3915536,Mike Weber,RB,0.0
3056577,Da'Mari Scott,WR,0.0
3052600,Davis Webb,QB,0.0
3929927,Karan Higdon,RB,0.0
2972240,Jason Croom,TE,6.8
3895789,Quadree Henderson,WR,0.0
2577243,Cody Kessler,QB,0.0
15428,Jermaine Kearse,WR,0.0
2971397,Fred Brown,WR,0.0
3041097,Tanner Lee,QB,0.0
14908,Michael Floyd,WR,0.0
14918,Jarius Wright,WR,0.0
3125232,Nick Bawden,RB,0.0
3052662,Keith Ford,RB,0.0
16821,David Fales,QB,0.0
15693,Alex Tanney,QB,0.0
3115359,Daniel Helm,TE,0.0
3916129,Isaiah Zuber,WR,6.0
4241723,Damion Willis,WR,0.0
3049872,Kyle Lauletta,QB,0.0
3060919,Wes Hills,RB,0.0
3936647,Ross Travis,TE,0.0
2975863,Eric Saubert,TE,3.1
3699902,Stanley Morgan,WR,0.0
13484,Joe Webb III,WR,0.0
2972283,Tra Carson,RB,0.0
15974,Dion Sims,TE,0.0
17091,Erik Swoope,TE,0.0
4081127,Antony Auclair,TE,0.0
2983209,Chester Rogers,WR,0.0
3115443,Cody Hollister,WR,1.7
2972092,Kyle Sloter,QB,0.0
3040146,Akrum Wadley,RB,0.0
15878,Terrance Williams,WR,0.0
3919104,Kerrith Whyte,RB,0.0
16227,Russell Shepard,WR,0.0
2982761,Andy Jones,WR,0.0
3120980,Keelan Doss,WR,0.0
4043161,Antoine Wesley,WR,0.0
15555,Josh Bellamy,WR,0.0
4002672,Moritz Bohringer,TE,0.0
3126997,Tom Kennedy,WR,0.0
2578377,Josh Perkins,TE,0.0
4035102,Damarea Crockett,RB,0.0
14403,Andre Holmes,WR,0.0
3884368,James Williams,RB,0.0
3045380,Bobo Wilson,WR,0.0
2513770,Neal Sterling,TE,0.0
12570,Darrius Heyward-Bey,WR,0.0
4217370,Cyril Grayson,WR,0.0
14156,Niles Paul,TE,0.0
3930900,Ben Ellefson,TE,1.5
2971289,Byron Marshall,RB,0.0
3051387,Marcus Baugh,TE,0.7
3045118,Jordan Leggett,TE,0.0
3121583,Roc Thomas,RB,0.0
4036129,Dominique Dafney,TE,9.6
4040792,Jaleel Scott,WR,2.1
15457,Travaris Cadet,RB,0.0
2520698,Cameron Meredith,WR,0.0
14100,Dwayne Harris,WR,-2.0
2576804,Nick O'Leary,TE,0.0
15204,Garrett Celek,TE,0.0
12550,John Phillips,TE,0.0
3116563,Shaun Wilson,RB,0.0
3126075,Spencer Schnell,WR,0.0
15855,Christine Michael,RB,0.0
3917849,Lawrence Cager,WR,4.5
3128317,Juwann Winfree,WR,0.0
3918026,Devante Mays,RB,0.0
3057863,Jason Vander Laan,TE,0.0
2990959,Rico Gathers,TE,0.0
3139591,Quinton Flowers,RB,0.0
3925348,Hale Hentges,TE,0.0
15896,Brice Butler,WR,0.0
2970038,David Grinnage,TE,0.0
2567213,Hakeem Valles,TE,0.0
14007,Lance Kendricks,TE,0.0
13726,Logan Paulsen,TE,0.0
3043216,Justin Davis,RB,0.0
4411192,Brandon Dillon,TE,1.1
2586703,Tevin Jones,WR,0.0
3054970,Chris Thompson,WR,0.0
2977629,Amara Darboh,WR,0.0
4249496,Alexander Hollins,WR,0.0
2969241,Ben Braunecker,TE,0.0
2971426,Sean Culkin,TE,0.0
3066147,Jawill Davis,WR,0.0
3129455,Donnie Ernsberger,TE,0.0
3051711,Matt Dayes,RB,0.0
2971280,Evan Baylis,TE,0.0
2508328,Brian Parker,TE,0.0
17391,Scott Simonson,TE,0.0
3928461,De'Lance Turner,RB,0.0
3930097,Farrod Green,TE,0.0
3117131,Detrez Newsome,RB,0.0
14914,Brian Quick,WR,0.0
2566659,Seth DeValve,TE,0.0
4329491,Jalen Tolliver,WR,0.0
3039968,Ishmael Hyman,WR,0.0
2977631,Jehu Chesson,WR,0.0
3919510,Alex Bachman,WR,0.0
16763,Jordan Matthews,WR,0.0
3124079,Cam Phillips,WR,0.0
3046413,A.J. Derby,TE,0.0
2576389,Jeff Heuerman,TE,0.0
2515934,Corey Grant,RB,0.0
2586700,Alan Cross,TE,0.0
17169,Ryan Hewitt,TE,0.0
2577731,Alex Ellis,TE,0.0
2574549,Sammie Coates Jr.,WR,0.0
2971023,Ricardo Louis,WR,0.0
3122839,Artavis Scott,WR,0.0
3915296,Michael Walker,WR,0.0
3059918,Rodney Adams,WR,0.0
3134314,Austin Roberts,TE,0.0
3929855,Chris Warren,RB,0.0
14151,Jeremy Kerley,WR,0.0
2982151,Cole Wick,TE,0.0
14583,Kamar Aiken,WR,0.0
2516316,Malcolm Johnson,RB,0.0
2577692,Brandon Wilds,RB,0.0
3052576,Dylan Cantrell,WR,0.0
3932433,Alize Mack,TE,0.0
3940587,Jesper Horsted,TE,0.0
3951441,Codey McElroy,TE,0.0
2580052,David Morgan,TE,0.0
16345,Nick Williams,WR,0.0
2576165,Josh Ferguson,RB,0.0
4037235,Greg Dortch,WR,0.0
2512593,Clive Walford,TE,0.0
2579846,Ben Koyack,TE,0.0
15845,Justin Hunter,WR,0.0
15873,Markus Wheaton,WR,0.0
14164,Aldrick Robinson,WR,0.0
3915403,Tim White,WR,0.0
3049329,Rashard Davis,WR,0.0
2577808,Darius Jennings,WR,0.0
3042417,Shelton Gibson,WR,0.0
3048680,Taquan Mizzell,WR,0.0
3047504,Andre Patton,WR,0.0
2476373,Jerome Cunningham,TE,0.0
3047488,Matt Flanagan,TE,0.0
2987440,Garrett Griffin,TE,0.0
2470916,Matt Lengel,TE,0.0
3040499,Johnny Stanton,RB,0.0
2468368,Gabe Holmes,TE,0.0
2982804,Leonte Carroo,WR,0.0
2518678,Justin Hardy,WR,0.0
4038938,Dillon Mitchell,WR,0.0
3056476,Victor Bolden Jr.,WR,0.0
2576868,Maurice Harris,WR,0.0
3144062,Khari Lee,TE,0.0
2576643,Eli Rogers,WR,0.0
15102,Rishard Matthews,WR,0.0
3930901,Bruce Anderson,RB,0.0
2573343,Trevor Davis,WR,0.0
3119471,Emmanuel Butler,WR,0.0
3122103,Kendall Blanton,TE,0.0
15391,Rod Streater,WR,0.0
3122430,Chris Lacy,WR,0.0
3053760,Jeff Badet,WR,0.0
3059945,Michael Roberts,TE,0.0
3128439,Jordan Franks,TE,0.0
3138744,Chris Myarick,TE,0.0
16845,Ryan Grant,WR,0.0
3045164,Jester Weah,WR,0.0
4198679,Krishawn Hogan,WR,0.0
3915821,Tony Brown,WR,0.0
2513030,Geremy Davis,WR,0.0
3042373,Robert Davis,WR,0.0
3056906,Johnny Holton,WR,0.0
2576785,Rashad Greene,WR,0.0
2970457,Keenan Reynolds,WR,0.0
3134302,Jordan Lasley,WR,0.0
4040640,Darius Bradwell,RB,0.0
3124964,Marcus Green,WR,0.0
3894883,Isaac Whitney,WR,0.0
2980061,Keon Hatcher,WR,0.0
4046676,Tony Jones Jr.,RB,1.3
2591718,Marken Michel,WR,0.0
3116680,Austin Proehl,WR,0.0
3051857,J'Mon Moore,WR,0.0
3115366,Malachi Dupre,WR,0.0
2977874,Mose Frazier,WR,0.0
2980238,Alonzo Russell,WR,0.0
16946,Bruce Ellington,WR,0.0
2577645,Bradley Marquez,WR,0.0
3047490,Janarion Grant,WR,0.0
3049249,Lance Lenoir Jr.,WR,0.0
17205,Freddie Martino,WR,0.0
2576498,Charone Peake,WR,0.0
3051650,Darvin Kidsy,WR,0.0
2988624,Riley McCarron,WR,0.0
15503,Deonte Thompson,WR,0.0
3051923,Stacy Coley,WR,0.0
3910176,Kristian Wilkerson,WR,0.0
3128251,Simmie Cobbs Jr.,WR,0.0
3895835,Jake Bargas,RB,0.0
3127313,Tristan Vizcaino,K,12.0
3049290,Kevin Rader,TE,0.0
4040629,Antonio Williams,RB,20.8
3121378,Matt Sokol,TE,0.0
3125999,Nate Becker,TE,0.0
4041703,Matthew Cole,WR,0.0
4052137,Chris Rowland,WR,0.0
